{
  "version": "1.0",
  "defaultProvider": "cdnjs",
  "libraries": [
    {
      "library": "jquery-validate@1.19.3",
      "destination": "wwwroot/lib/jquery-validate/"
    },
    {
      "library": "bootbox.js@5.5.3",
      "destination": "wwwroot/lib/bootbox.js/"
    },
    {
      "library": "animate.css@4.1.1",
      "destination": "wwwroot/lib/animate.css/",
      "files": [
        "animate.min.css"
      ]
    },
    {
      "library": "jQuery-Validation-Engine@2.6.4",
      "destination": "wwwroot/lib/jQuery-Validation-Engine/"
    },
    {
      "library": "jquery-validation-unobtrusive@3.2.12",
      "destination": "wwwroot/lib/jquery-validation-unobtrusive/"
    },
    {
      "library": "jquery@3.6.0",
      "destination": "wwwroot/lib/jquery/"
    }
  ]
}